name,price,description
Unbranded Cotton Sausages,860.00,"Boston's most advanced compression wear technology increases muscle oxygenation, stabilizes active muscles"
Generic Wooden Table,170.00,"Boston's most advanced compression wear technology increases muscle oxygenation, stabilizes active muscles"
Elegant Metal Chair,184.00,Ergonomic executive chair upholstered in bonded black leather and PVC padded seat and back for all-day comfort and support
Elegant Frozen Hat,692.00,"The Apollotech B340 is an affordable wireless mouse with reliable connectivity, 12 months battery life and modern design"
Incredible Wooden Soap,406.00,"The automobile layout consists of a front-engine design, with transaxle-type transmissions mounted at the rear of the engine and four wheel drive"
Ergonomic Cotton Shirt,522.00,"Boston's most advanced compression wear technology increases muscle oxygenation, stabilizes active muscles"
Luxurious Steel Cheese,862.00,The slim & simple Maple Gaming Keyboard from Dev Byte comes with a sleek body and 7- Color RGB LED Back-lighting for smart functionality
Practical Soft Table,886.00,"Andy shoes are designed to keeping in mind durability as well as trends, the most stylish range of shoes & sandals"
Awesome Steel Computer,274.00,"The Apollotech B340 is an affordable wireless mouse with reliable connectivity, 12 months battery life and modern design"
Oriental Plastic Shoes,763.00,"The Apollotech B340 is an affordable wireless mouse with reliable connectivity, 12 months battery life and modern design"
Handcrafted Bronze Pizza,145.00,"Andy shoes are designed to keeping in mind durability as well as trends, the most stylish range of shoes & sandals"
Generic Rubber Sausages,714.00,"New ABC 13 9370, 13.3, 5th Gen CoreA5-8250U, 8GB RAM, 256GB SSD, power UHD Graphics, OS 10 Home, OS Office A & J 2016"
Fantastic Granite Gloves,536.00,Ergonomic executive chair upholstered in bonded black leather and PVC padded seat and back for all-day comfort and support
Practical Fresh Bacon,248.00,Carbonite web goalkeeper gloves are ergonomically designed to give easy fit
Oriental Wooden Pants,463.00,"Boston's most advanced compression wear technology increases muscle oxygenation, stabilizes active muscles"
Recycled Plastic Fish,792.00,The slim & simple Maple Gaming Keyboard from Dev Byte comes with a sleek body and 7- Color RGB LED Back-lighting for smart functionality
Refined Fresh Cheese,573.00,The slim & simple Maple Gaming Keyboard from Dev Byte comes with a sleek body and 7- Color RGB LED Back-lighting for smart functionality
Bespoke Bronze Soap,509.00,"The Apollotech B340 is an affordable wireless mouse with reliable connectivity, 12 months battery life and modern design"
Ergonomic Granite Ball,839.00,Ergonomic executive chair upholstered in bonded black leather and PVC padded seat and back for all-day comfort and support
Elegant Bronze Towels,816.00,"New ABC 13 9370, 13.3, 5th Gen CoreA5-8250U, 8GB RAM, 256GB SSD, power UHD Graphics, OS 10 Home, OS Office A & J 2016"
Luxurious Soft Table,629.00,New range of formal shirts are designed keeping you in mind. With fits and styling that will make you stand apart
Incredible Frozen Car,948.00,"The automobile layout consists of a front-engine design, with transaxle-type transmissions mounted at the rear of the engine and four wheel drive"
Tasty Plastic Hat,942.00,Carbonite web goalkeeper gloves are ergonomically designed to give easy fit
Handmade Fresh Hat,20.00,"Boston's most advanced compression wear technology increases muscle oxygenation, stabilizes active muscles"
Bespoke Granite Pizza,498.00,New range of formal shirts are designed keeping you in mind. With fits and styling that will make you stand apart
Sleek Bronze Shoes,284.00,"New ABC 13 9370, 13.3, 5th Gen CoreA5-8250U, 8GB RAM, 256GB SSD, power UHD Graphics, OS 10 Home, OS Office A & J 2016"
Electronic Steel Mouse,56.00,Carbonite web goalkeeper gloves are ergonomically designed to give easy fit
Electronic Metal Towels,815.00,"The Nagasaki Lander is the trademarked name of several series of Nagasaki sport bikes, that started with the 1984 ABC800J"
Refined Rubber Bacon,442.00,Ergonomic executive chair upholstered in bonded black leather and PVC padded seat and back for all-day comfort and support
Small Fresh Table,103.00,"New ABC 13 9370, 13.3, 5th Gen CoreA5-8250U, 8GB RAM, 256GB SSD, power UHD Graphics, OS 10 Home, OS Office A & J 2016"
Luxurious Wooden Fish,869.00,The Football Is Good For Training And Recreational Purposes
Sleek Bronze Chicken,469.00,"New ABC 13 9370, 13.3, 5th Gen CoreA5-8250U, 8GB RAM, 256GB SSD, power UHD Graphics, OS 10 Home, OS Office A & J 2016"
Elegant Bronze Bike,473.00,Ergonomic executive chair upholstered in bonded black leather and PVC padded seat and back for all-day comfort and support
Elegant Bronze Mouse,541.00,"Boston's most advanced compression wear technology increases muscle oxygenation, stabilizes active muscles"
Intelligent Concrete Bacon,107.00,Ergonomic executive chair upholstered in bonded black leather and PVC padded seat and back for all-day comfort and support
Elegant Cotton Pizza,67.00,The slim & simple Maple Gaming Keyboard from Dev Byte comes with a sleek body and 7- Color RGB LED Back-lighting for smart functionality
Gorgeous Fresh Chicken,71.00,Carbonite web goalkeeper gloves are ergonomically designed to give easy fit
Ergonomic Metal Bacon,759.00,"The Nagasaki Lander is the trademarked name of several series of Nagasaki sport bikes, that started with the 1984 ABC800J"
Sleek Metal Pants,778.00,The Football Is Good For Training And Recreational Purposes
Oriental Bronze Keyboard,141.00,"Boston's most advanced compression wear technology increases muscle oxygenation, stabilizes active muscles"
Refined Concrete Bacon,783.00,Ergonomic executive chair upholstered in bonded black leather and PVC padded seat and back for all-day comfort and support
Ergonomic Cotton Tuna,694.00,"Boston's most advanced compression wear technology increases muscle oxygenation, stabilizes active muscles"
Oriental Granite Soap,342.00,"New ABC 13 9370, 13.3, 5th Gen CoreA5-8250U, 8GB RAM, 256GB SSD, power UHD Graphics, OS 10 Home, OS Office A & J 2016"
Licensed Soft Hat,303.00,"Boston's most advanced compression wear technology increases muscle oxygenation, stabilizes active muscles"
Fantastic Steel Sausages,627.00,"The Apollotech B340 is an affordable wireless mouse with reliable connectivity, 12 months battery life and modern design"
Small Bronze Tuna,332.00,The beautiful range of Apple Naturalé that has an exciting mix of natural ingredients. With the Goodness of 100% Natural Ingredients
Modern Fresh Sausages,698.00,"The automobile layout consists of a front-engine design, with transaxle-type transmissions mounted at the rear of the engine and four wheel drive"
Practical Cotton Keyboard,954.00,The slim & simple Maple Gaming Keyboard from Dev Byte comes with a sleek body and 7- Color RGB LED Back-lighting for smart functionality
Tasty Bronze Hat,913.00,The slim & simple Maple Gaming Keyboard from Dev Byte comes with a sleek body and 7- Color RGB LED Back-lighting for smart functionality
Electronic Granite Soap,680.00,"Andy shoes are designed to keeping in mind durability as well as trends, the most stylish range of shoes & sandals"
Intelligent Frozen Fish,433.00,"Boston's most advanced compression wear technology increases muscle oxygenation, stabilizes active muscles"
Modern Rubber Pants,399.00,"The automobile layout consists of a front-engine design, with transaxle-type transmissions mounted at the rear of the engine and four wheel drive"
Refined Concrete Pants,221.00,Ergonomic executive chair upholstered in bonded black leather and PVC padded seat and back for all-day comfort and support
Unbranded Soft Gloves,942.00,"Andy shoes are designed to keeping in mind durability as well as trends, the most stylish range of shoes & sandals"
Refined Steel Bacon,837.00,Carbonite web goalkeeper gloves are ergonomically designed to give easy fit
Refined Soft Pants,121.00,"The Apollotech B340 is an affordable wireless mouse with reliable connectivity, 12 months battery life and modern design"
Luxurious Wooden Car,795.00,The beautiful range of Apple Naturalé that has an exciting mix of natural ingredients. With the Goodness of 100% Natural Ingredients
Bespoke Steel Pants,654.00,"The Nagasaki Lander is the trademarked name of several series of Nagasaki sport bikes, that started with the 1984 ABC800J"
Tasty Granite Table,944.00,The slim & simple Maple Gaming Keyboard from Dev Byte comes with a sleek body and 7- Color RGB LED Back-lighting for smart functionality
Recycled Steel Gloves,26.00,"Boston's most advanced compression wear technology increases muscle oxygenation, stabilizes active muscles"
Sleek Soft Pizza,175.00,The Football Is Good For Training And Recreational Purposes
Intelligent Concrete Chips,630.00,"The automobile layout consists of a front-engine design, with transaxle-type transmissions mounted at the rear of the engine and four wheel drive"
Handcrafted Granite Keyboard,686.00,Carbonite web goalkeeper gloves are ergonomically designed to give easy fit
Ergonomic Wooden Table,492.00,"The Nagasaki Lander is the trademarked name of several series of Nagasaki sport bikes, that started with the 1984 ABC800J"
Sleek Granite Sausages,729.00,Carbonite web goalkeeper gloves are ergonomically designed to give easy fit
Incredible Steel Keyboard,584.00,"New ABC 13 9370, 13.3, 5th Gen CoreA5-8250U, 8GB RAM, 256GB SSD, power UHD Graphics, OS 10 Home, OS Office A & J 2016"
Fantastic Granite Keyboard,551.00,The slim & simple Maple Gaming Keyboard from Dev Byte comes with a sleek body and 7- Color RGB LED Back-lighting for smart functionality
Incredible Plastic Shirt,574.00,"Andy shoes are designed to keeping in mind durability as well as trends, the most stylish range of shoes & sandals"
Refined Plastic Gloves,114.00,Ergonomic executive chair upholstered in bonded black leather and PVC padded seat and back for all-day comfort and support
Handmade Plastic Bike,582.00,Carbonite web goalkeeper gloves are ergonomically designed to give easy fit
Oriental Metal Car,230.00,"The automobile layout consists of a front-engine design, with transaxle-type transmissions mounted at the rear of the engine and four wheel drive"
Fantastic Wooden Shoes,936.00,New range of formal shirts are designed keeping you in mind. With fits and styling that will make you stand apart
Generic Plastic Fish,207.00,New range of formal shirts are designed keeping you in mind. With fits and styling that will make you stand apart
Tasty Fresh Mouse,940.00,The Football Is Good For Training And Recreational Purposes
Fantastic Steel Soap,565.00,The Football Is Good For Training And Recreational Purposes
Handcrafted Frozen Ball,398.00,"Andy shoes are designed to keeping in mind durability as well as trends, the most stylish range of shoes & sandals"
Licensed Cotton Computer,257.00,"Andy shoes are designed to keeping in mind durability as well as trends, the most stylish range of shoes & sandals"
Handmade Plastic Tuna,703.00,"The automobile layout consists of a front-engine design, with transaxle-type transmissions mounted at the rear of the engine and four wheel drive"
Modern Plastic Pants,368.00,Carbonite web goalkeeper gloves are ergonomically designed to give easy fit
Handmade Steel Car,588.00,"The automobile layout consists of a front-engine design, with transaxle-type transmissions mounted at the rear of the engine and four wheel drive"
Small Fresh Shirt,582.00,New range of formal shirts are designed keeping you in mind. With fits and styling that will make you stand apart
Gorgeous Steel Tuna,965.00,"New ABC 13 9370, 13.3, 5th Gen CoreA5-8250U, 8GB RAM, 256GB SSD, power UHD Graphics, OS 10 Home, OS Office A & J 2016"
Bespoke Cotton Keyboard,37.00,The beautiful range of Apple Naturalé that has an exciting mix of natural ingredients. With the Goodness of 100% Natural Ingredients
Handmade Rubber Salad,606.00,"The Apollotech B340 is an affordable wireless mouse with reliable connectivity, 12 months battery life and modern design"
Rustic Granite Fish,28.00,New range of formal shirts are designed keeping you in mind. With fits and styling that will make you stand apart
Refined Steel Car,447.00,"The automobile layout consists of a front-engine design, with transaxle-type transmissions mounted at the rear of the engine and four wheel drive"
Modern Metal Bacon,800.00,Carbonite web goalkeeper gloves are ergonomically designed to give easy fit
Bespoke Rubber Shoes,442.00,"The Nagasaki Lander is the trademarked name of several series of Nagasaki sport bikes, that started with the 1984 ABC800J"
Rustic Wooden Pants,472.00,Ergonomic executive chair upholstered in bonded black leather and PVC padded seat and back for all-day comfort and support
Oriental Plastic Computer,88.00,The slim & simple Maple Gaming Keyboard from Dev Byte comes with a sleek body and 7- Color RGB LED Back-lighting for smart functionality
Luxurious Plastic Mouse,577.00,"New ABC 13 9370, 13.3, 5th Gen CoreA5-8250U, 8GB RAM, 256GB SSD, power UHD Graphics, OS 10 Home, OS Office A & J 2016"
Modern Frozen Shirt,970.00,"The Nagasaki Lander is the trademarked name of several series of Nagasaki sport bikes, that started with the 1984 ABC800J"
Modern Fresh Computer,606.00,The slim & simple Maple Gaming Keyboard from Dev Byte comes with a sleek body and 7- Color RGB LED Back-lighting for smart functionality
Refined Frozen Soap,223.00,The beautiful range of Apple Naturalé that has an exciting mix of natural ingredients. With the Goodness of 100% Natural Ingredients
Bespoke Bronze Chips,287.00,New range of formal shirts are designed keeping you in mind. With fits and styling that will make you stand apart
Intelligent Steel Sausages,291.00,Carbonite web goalkeeper gloves are ergonomically designed to give easy fit
Electronic Wooden Cheese,930.00,The beautiful range of Apple Naturalé that has an exciting mix of natural ingredients. With the Goodness of 100% Natural Ingredients
Rustic Frozen Fish,647.00,New range of formal shirts are designed keeping you in mind. With fits and styling that will make you stand apart
Incredible Frozen Hat,657.00,"The automobile layout consists of a front-engine design, with transaxle-type transmissions mounted at the rear of the engine and four wheel drive"
Intelligent Steel Ball,99.00,The slim & simple Maple Gaming Keyboard from Dev Byte comes with a sleek body and 7- Color RGB LED Back-lighting for smart functionality
